"FACILITY","4Digits","NAME","Address","City","State","Zip","Full Address","Latitude","Longitude"
"DIVISION","1","ACTIVE BUS OPERATING DIVISION","1130 E6TH ST","LOS ANGELES","CA","90021","1130 E6TH ST LOS ANGELES CA 90021","34.0382183","-118.2390421"
"DIVISION","2","ACTIVE BUS OPERATING DIVISION","720 E. 15TH ST","LOS ANGELES","CA","90021","720 E. 15TH ST LOS ANGELES CA 90021","34.0300792","-118.2547756"
"DIVISION","3","ACTIVE BUS OPERATING DIVISION","630 W. AVENUE 28","LOS ANGELES","CA","90021","630 W. AVENUE 28 LOS ANGELES CA 90021","34.0878686","-118.2240537"
"DIVISION","4","NON-REVENUE VEHICLE DIVISION","7878 TELEGRAPH RD","DOWNEY","CA","90065","7878 TELEGRAPH RD DOWNEY CA 90065","33.9712585","-118.1204697"
"DIVISION","5","ACTIVE BUS OPERATING DIVISION","5425 VAN NESS AVE.","LOS ANGELES","CA","90240","5425 VAN NESS AVE. LOS ANGELES CA 90240","33.9924042","-118.3174545"
"DIVISION","6","ACTIVE BUS OPERATING DIVISION","100 SUNSET AVE.","VENICE","CA","90062","100 SUNSET AVE. VENICE CA 90062","33.9939476","-118.4764373"
"DIVISION","7","ACTIVE BUS OPERATING DIVISION","8800 SANTA MONICA BLVD.","LOS ANGELES","CA","90291","8800 SANTA MONICA BLVD. LOS ANGELES CA 90291","34.0851972","-118.38201"
"DIVISION","8","ACTIVE BUS OPERATING DIVISION","9201 CANOGA AVE.","CHATSWORTH","CA","90069","9201 CANOGA AVE. CHATSWORTH CA 90069","34.2368801","-118.5980392"
"DIVISION","9","ACTIVE BUS OPERATING DIVISION","3369 SANTA ANITA AVE. (SEE LOCATION 85)","EL MONTE","CA","91311","3369 SANTA ANITA AVE. (SEE LOCATION 85) EL MONTE CA 91311","34.2710376","-118.61481"
"DIVISION","10","ACTIVE BUS OPERATING DIVISION","742 N. MISSION RD.","LOS ANGELES","CA","91731","742 N. MISSION RD. LOS ANGELES CA 91731","34.0574006","-118.2162795"
"DIVISION","11","BLUE LINE MAIN YARD","4350 E. 208th ST.","LONG BEACH","CA","90033","4350 E. 208th ST. LONG BEACH CA 90033","33.8348568","-118.2075189"
"DIVISION","12","INACTIVE BUS OPERATING DIVISION","970 W. CHESTER PL.","LONG BEACH","CA","90810","970 W. CHESTER PL. LONG BEACH CA 90810","33.7768819","-118.2027948"
"DIVISION","13","FUTURE BUS DIVISION","","LOS ANGELES","CA","90813","LOS ANGELES CA 90813","",""
"DIVISION","14","FUTURE EXPO DIVISION","","LOS ANGELES","CA","90012","LOS ANGELES CA 90012","",""
"DIVISION","15","ACTIVE BUS OPERATING DIVISION","11900 BRANFORD ST.","SUN VALLEY","CA","14","11900 BRANFORD ST. SUN VALLEY CA 14","34.2564752","-118.3912156"
"DIVISION","16","CRENSHAW LINE DIVISION (FUTURE LOCATION)","","","CA","91352","CA 91352","",""
"TERMINAL","17","MAPLE LOT - BUS LAYOVER","632 MAPLE AVE.","LOS ANGELES","CA","16","632 MAPLE AVE. LOS ANGELES CA 16","34.0430214","-118.2481633"
"DIVISION","18","ACTIVE BUS OPERATING DIVISION","450 W. GRIFFITH ST.","GARDENA","CA","90014","450 W. GRIFFITH ST. GARDENA CA 90014","33.862207","-118.2797043"
"TERMINAL","19","EL MONTE STATION","3501 SANTA ANITA AVE.","EL MONTE","CA","90248","3501 SANTA ANITA AVE. EL MONTE CA 90248","34.0724316","-118.0439641"
"DIVISION","20","RED LINE MAIN YARD","320 S. SANTA FE AVE.","LOS ANGELES","CA","91731","320 S. SANTA FE AVE. LOS ANGELES CA 91731","34.0438577","-118.231166"
"DIVISION","21","PASADENA GOLD LINE YARD(MIDWAY)","1800 BAKER ST.","LOS ANGELES","CA","90013","1800 BAKER ST. LOS ANGELES CA 90013","34.0713331","-118.2260841"
"DIVISION","22","GREEN LINE MAIN YARD","14724 AVIATION BLVD.","LAWNDALE","CA","90012","14724 AVIATION BLVD. LAWNDALE CA 90012","33.8976957","-118.3773746"
"LOCATION","23","MGLEE CONSTRUCTION OFFICES","2420 E. CESAR CHAVEZ AVE.","LOS ANGELES","CA","90260","2420 E. CESAR CHAVEZ AVE. LOS ANGELES CA 90260","34.046172","-118.2071064"
"TERMINAL","24","EX-BUS YARD","14557 SHERMAN WAY","VAN NUYS","CA","90033","14557 SHERMAN WAY VAN NUYS CA 90033","34.20135","-118.45075"
"TERMINAL","25","TOBERMAN LOT","1831 TOBERMAN ST.","LOS ANGELES","CA","91405","1831 TOBERMAN ST. LOS ANGELES CA 91405","34.0385601","-118.2793637"
"TERMINAL","26","WEST L..A. TRANSIT CENTER","5702 APPLE ST.","LOS ANGELES","CA","90015","5702 APPLE ST. LOS ANGELES CA 90015","34.0348246","-118.3650773"
"TERMINAL","27","LAX TRANSIT TERMINAL","6111 W. 96TH ST.","LOS ANGELES","CA","90016","6111 W. 96TH ST. LOS ANGELES CA 90016","33.9490299","-118.3917698"
"TERMINAL","28","18TH ST. - BUS LAYOVER","111 W. 18TH ST.","LOS ANGELES","CA","90045","111 W. 18TH ST. LOS ANGELES CA 90045","34.0323689","-118.2640982"
"LOCATION","30","CENTRAL MAINTENANCE FACILITY","490 BAUCHET ST.","LOS ANGELES","CA","90015","490 BAUCHET ST. LOS ANGELES CA 90015","34.0600741","-118.2285026"
"LOCATION","34","VERNON YARD","4462 PACIFIC BLVD.","VERNON","CA","90012","4462 PACIFIC BLVD. VERNON CA 90012","34.0042039","-118.2269134"
"TERMINAL","36","FOX HILLS MALL TRANSIT CENTER FOX HILLS MALL","FOX HILLS MALL","CULVER CITY","CA","90058","FOX HILLS MALL CULVER CITY CA 90058","33.9859028","-118.39321"
"TERMINAL","37","PALM PLACE LOOP - BUS LAYOVER","8145 SEVILLE AVE.","SOUTH GATE","CA","90230","8145 SEVILLE AVE. SOUTH GATE CA 90230","33.9633487","-118.2230654"
"TERMINAL","38","85th & CENTRAL - BUS LAYOVER","8500 S. CENTRAL AVE.","LOS ANGELES","CA","90280","8500 S. CENTRAL AVE. LOS ANGELES CA 90280","33.9610776","-118.2564167"
"TERMINAL","39","JEFFERSON LOOP - BUS LAYOVER","BUS LAYOVER 3012 W. JEFFERSON BLVD.","LOS ANGELES","CA","90001","BUS LAYOVER 3012 W. JEFFERSON BLVD. LOS ANGELES CA 90001","34.0253288","-118.3288204"
"TERMINAL","40","PICO-RIMPAU LOOP - BUS LAYOVER","RIMPAU LOOP - BUS LAYOVER 4646 W. PICO BLVD","LOS ANGELES","CA","90018","RIMPAU LOOP - BUS LAYOVER 4646 W. PICO BLVD LOS ANGELES CA 90018","34.0485101","-118.3373827"
"TERMINAL","41","6th & WILTON - BUS LAYOVER","BUS LAYOVER 530 W. WILTON PLACE","LOS ANGELES","CA","90019","BUS LAYOVER 530 W. WILTON PLACE LOS ANGELES CA 90019","34.0643878","-118.3137794"
"TERMINAL","42","ECHO PARK & DONALDSON LAYOVER","2200 ECHO PARK AVE.","LOS ANGELES","CA","90020","2200 ECHO PARK AVE. LOS ANGELES CA 90020","34.0914032","-118.2491926"
"TERMINAL","43","WHITTIER & BRANNICK TERMINAL","4302 WHITTIER BL","LOS ANGELES","CA","90026","4302 WHITTIER BL LOS ANGELES CA 90026","34.0237563","-118.1771452"
"TERMINAL","44","DOZIER & ROWAN LAYOVER","425 N. ROWAN AVE.","LOS ANGELES","CA","90023","425 N. ROWAN AVE. LOS ANGELES CA 90023","34.0412062","-118.1873146"
"TERMINAL","45","ROSE HILLS STATION LAYOVER","4592 HUNTINGTON DR. NORTH","LOS ANGELES","CA","90063","4592 HUNTINGTON DR. NORTH LOS ANGELES CA 90063","34.08599","-118.18799"
"TERMINAL","46","RED LINE BUS TERMINAL (HOLLYWOOD/VINE)","SELMA & ARGYLE","LOS ANGELES","CA","90032","SELMA & ARGYLE LOS ANGELES CA 90032","34.0998111","-118.3252018"
"TERMINAL","47","U.S.C. MEDICAL CENTER BUSWAY STATION","1930 POMEROY AVE.","LOS ANGELES","CA","90028","1930 POMEROY AVE. LOS ANGELES CA 90028","34.056539","-118.2113678"
"TERMINAL","48","CAL STATE BUSWAY STATION","5150 STATE UNIVERSITY DR.","LOS ANGELES","CA","90033","5150 STATE UNIVERSITY DR. LOS ANGELES CA 90033","34.0628445","-118.1679894"
"TERMINAL","49","MOUNTAIN & BRAND TERMINAL","1340 N. BRAND AVE.","GLENDALE","CA","90032","1340 N. BRAND AVE. GLENDALE CA 90032","34.1666531","-118.2546893"
"TERMINAL","50","COMPTON TRANSIT TERMINAL","305-7 N. TAMARIND AVE.","COMPTON","CA","91202","305-7 N. TAMARIND AVE. COMPTON CA 91202","33.8983243","-118.2222138"
"TERMINAL","51","INGLEWOOD TRANSIT CENTER","320 S. LA BREA","INGLEWOOD","CA","90220","320 S. LA BREA INGLEWOOD CA 90220","33.9600973","-118.3528708"
"TERMINAL","52","GALLERIA TRANSIT TERMINAL","1850 KINGSDALE AVE.","REDONDO BEACH","CA","90301","1850 KINGSDALE AVE. REDONDO BEACH CA 90301","33.8708","-118.356675"
"TERMINAL","53","117th ST. / FIGUEROA - BUS LAY OVER","117th & FIGUEROA STREET","LOS ANGELES","CA","90278","117th & FIGUEROA STREET LOS ANGELES CA 90278","33.927357","-118.282588"
"TERMINAL","54","SHATTO PL. (Across from Wil/Vermont station)","640 SHATTO PLACE","LOS ANGELES","CA","90044","640 SHATTO PLACE LOS ANGELES CA 90044","34.0622384","-118.2896674"
"LOCATION","55","LOST AND FOUND","3571 PASADENA AVENUE","LOS ANGELES","CA","90005","3571 PASADENA AVENUE LOS ANGELES CA 90005","34.0879732","-118.2123113"
"TERMINAL","56","RED LINE BUS TERMINAL (WILSHIRE/WESTERN)","3785 WILSHIRE BLVD.","LOS ANGELES","CA","90031","3785 WILSHIRE BLVD. LOS ANGELES CA 90031","34.0618769","-118.3086279"
"TERMINAL","57","ORSINI TERMINAL","550 N. FIGUEROA","LOS ANGELES","CA","90010","550 N. FIGUEROA LOS ANGELES CA 90010","34.061291","-118.2462957"
"LOCATION","60","CENTRAL CONTROL FACILITY - METRO RAIL","2000 E. IMPERIAL HWY.","LOS ANGELES","CA","57550","2000 E. IMPERIAL HWY. LOS ANGELES CA 57550","33.9288389","-118.2371399"
"LOCATION","61","MAINTENANCE OF WAY - RED LINE","284 S. SANTA FE AVE.","LOS ANGELES","CA","90059","284 S. SANTA FE AVE. LOS ANGELES CA 90059","34.0472158","-118.2324341"
"LOCATION","62","WAYSIDE RAIL COMMUNICATIONS","1251 N. SPRING","LOS ANGELES","CA","90012","1251 N. SPRING LOS ANGELES CA 90012","34.071472","-118.2273122"
"LOCATION","63","ONE SANTA FE","100 S. SANTA FE AVE., SUITE 100","LOS ANGELES","CA","90012","100 S. SANTA FE AVE., SUITE 100 LOS ANGELES CA 90012","34.0469668","-118.2322493"
"LOCATION","66","MAINTENANCE OF WAY-LIGHT RAIL","1680 E. IMPERIAL HWY.","LOS ANGELES","CA","90013","1680 E. IMPERIAL HWY. LOS ANGELES CA 90013","33.9291843","-118.2430214"
"LOCATION","70","HTW - 37TH STREET","37TH STREET 421 1/2 W. 37th ST.","LOS ANGELES","CA","90059","37TH STREET 421 1/2 W. 37th ST. LOS ANGELES CA 90059","34.0177634","-118.2804208"
"LOCATION","71","HTW - SLAUSON","350 1/2 W. SLAUSON AVE.","LOS ANGELES","CA","90007","350 1/2 W. SLAUSON AVE. LOS ANGELES CA 90007","33.9886637","-118.3474702"
"LOCATION","72","HTW - MANCHESTER","452 1/2 W. MANCHESTER","LOS ANGELES","CA","90003","452 1/2 W. MANCHESTER LOS ANGELES CA 90003","33.9598314","-118.2821251"
"LOCATION","73","HTW - HARBOR / I-105","11500 S. FIGUEROA ST.","LOS ANGELES","CA","90003","11500 S. FIGUEROA ST. LOS ANGELES CA 90003","33.9297778","-118.282607"
"LOCATION","74","HTW - ROSECRANS","622 W. ROSECRANS AVE.","LOS ANGELES","CA","90048","622 W. ROSECRANS AVE. LOS ANGELES CA 90048","33.9018885","-118.2858093"
"LOCATION","75","HARBOR GATEWAY TRANSIT CENTER","731 W. 182nd ST.","LOS ANGELES","CA","90247","731 W. 182nd ST. LOS ANGELES CA 90247","33.8706995","-118.2881084"
"LOCATION","76","HTW - CARSON","599 1/2 W. CARSON ST.","CARSON","CA","90248","599 1/2 W. CARSON ST. CARSON CA 90248","33.831676","-118.2855535"
"LOCATION","77","HTW - PCH","1435 1/4 N. FIGUEROA ST.","WILMOINGTON","CA","90745","1435 1/4 N. FIGUEROA ST. WILMOINGTON CA 90745","33.8232001","-118.2585096"
"LOCATION","80","MATERIALS WAREHOUSE","628 ALISO ST.","LOS ANGELES","CA","90744","628 ALISO ST. LOS ANGELES CA 90744","33.7857948","-118.2643567"
"LOCATION","81","SURPLUS OFFICE SPACE","818 W. 7th ST. (6th Floor Available)","LOS ANGELES","CA","90012","818 W. 7th ST. (6th Floor Available) LOS ANGELES CA 90012","34.0488973","-118.2595846"
"LOCATION","82","OFFICE SPACE (Flrs. In use: 23,27,28,29,34,37)","707 WILSHIRE BLVD.","LOS ANGELES","CA","90017","707 WILSHIRE BLVD. LOS ANGELES CA 90017","34.0492187","-118.2570021"
"LOCATION","83","OFFICE/WAREHOUSE","3730 MONTEREY RD.","EL MONTE","CA","90017","3730 MONTEREY RD. EL MONTE CA 90017","34.0770921","-118.0374612"
"LOCATION","84","SAN FERNANDO VALLEY SERVICE SECTOR","9760 TOPANGA CYN. BLVD.","CHATSWORTH","CA","91731","9760 TOPANGA CYN. BLVD. CHATSWORTH CA 91731","34.2480534","-118.6055107"
"LOCATION","85","SAN GABRIEL VALLEY SERVICE SECTOR","3449 SANTA ANITA AVE.","EL MONTE","CA","91311","3449 SANTA ANITA AVE. EL MONTE CA 91311","34.0703173","-118.0450438"
"LOCATION","87","GATEWAY CITIES SERVICE SECTOR","7878 TELEGRAPH RD.","DOWNEY","CA","91731","7878 TELEGRAPH RD. DOWNEY CA 91731","33.9712585","-118.1204697"
